Topic,Information
Apple Inc.,
iPhone,
Samsung,
Apple,
The Walt Disney Company,
Marvel Comics,
Marvel Cinematic Universe,
DC Comics,
DC Films,
Google,
Microsoft,
Cricket,
Football,
Tennis,
Jeff Bezos,
Sachin Tendulkar,
MS Dhoni,
Indian,
States and union territories of India,
United States,
Rolls-Royce Motor Cars,
Computer,
Dark (TV series),
YouTube,
Facebook,
WhatsApp,
Twitter,
Instagram,
Minecraft,
Among Us,
PlayerUnknown's Battlegrounds,
Super Mario,
Mario,
Internet,
KFC,
McDonald's,
Domino's Pizza,
Netflix,
Zomato,
